,City,Country,Hemisphere,Latitude,Longitude,Max Temp (F),Humidity,Feels Like,Cloudiness,Wind Speed (MPH),Date and Time of Reading (UTC)
0,Longyearbyen,SJ,Northern,78.22,15.64,32.0,94,17.87,40,18.34,2021-01-03 05:54:09
1,Qaanaaq,GL,Northern,77.48,-69.36,-2.83,76,-10.21,28,1.36,2021-01-03 05:52:21
2,Dikson,RU,Northern,73.51,80.55,7.11,96,-3.48,96,8.12,2021-01-03 05:52:31
3,Upernavik,GL,Northern,72.79,-56.15,8.31,91,-3.73,100,10.74,2021-01-03 05:51:28
4,Khatanga,RU,Northern,71.97,102.5,-24.07,79,-33.52,97,4.38,2021-01-03 05:46:11
5,Saskylakh,RU,Northern,71.92,114.08,-31.63,83,-41.96,26,5.82,2021-01-03 05:54:22
6,Tiksi,RU,Northern,71.69,128.87,-27.38,86,-36.65,100,4.03,2021-01-03 06:03:24
7,Barrow,US,Northern,71.29,-156.79,-11.2,76,-19.89,90,3.36,2021-01-03 05:50:53
8,Mehamn,NO,Northern,71.04,27.85,24.28,93,14.68,5,8.61,2021-01-03 06:02:57
9,Havoysund,NO,Northern,71.0,24.66,30.2,100,19.94,90,11.41,2021-01-03 06:02:37
10,Berlevag,NO,Northern,70.86,29.09,25.05,92,15.31,20,8.97,2021-01-03 05:57:28
11,Chokurdakh,RU,Northern,70.63,147.92,-26.18,87,-36.42,78,5.77,2021-01-03 05:52:20
12,Clyde River,CA,Northern,70.47,-68.59,-22.0,74,-32.26,1,5.82,2021-01-03 05:45:39
13,Vardo,NO,Northern,70.37,31.11,27.81,92,19.63,18,6.73,2021-01-03 05:57:48
14,Oksfjord,NO,Northern,70.24,22.35,30.2,100,19.94,91,11.41,2021-01-03 06:00:38
15,Ust-Kuyga,RU,Northern,70.02,135.6,-34.15,81,-42.88,72,2.95,2021-01-03 06:02:27
16,Storslett,NO,Northern,69.77,21.02,29.14,92,21.11,98,6.76,2021-01-03 06:00:02
17,Pevek,RU,Northern,69.7,170.31,-10.68,85,-18.9,86,2.62,2021-01-03 05:55:08
18,Tromso,NO,Northern,69.65,18.96,35.6,95,26.24,75,8.05,2021-01-03 06:02:55
19,Pechenga,RU,Northern,69.53,31.17,10.4,92,-0.63,100,9.17,2021-01-03 05:58:02
20,Talnakh,RU,Northern,69.49,88.4,-7.6,83,-20.58,90,11.18,2021-01-03 06:02:45
21,Tuktoyaktuk,CA,Northern,69.45,-133.04,-2.2,84,-17.16,75,14.99,2021-01-03 05:54:32
22,Zapolyarnyy,RU,Northern,69.42,30.81,10.4,92,-0.63,100,9.17,2021-01-03 05:54:53
23,Dudinka,RU,Northern,69.41,86.18,-7.6,83,-20.58,90,11.18,2021-01-03 05:56:15
24,Leningradskiy,RU,Northern,69.38,178.42,-8.16,89,-16.89,100,3.67,2021-01-03 05:54:34
25,Deputatskiy,RU,Northern,69.3,139.9,-30.39,87,-38.07,37,1.14,2021-01-03 05:53:37
26,Ilulissat,GL,Northern,69.22,-51.1,17.6,72,7.29,100,8.05,2021-01-03 05:51:08
27,Qasigiannguit,GL,Northern,68.82,-51.19,17.6,72,7.29,100,8.05,2021-01-03 05:57:58
28,Cherskiy,RU,Northern,68.75,161.3,-22.99,83,-31.45,99,2.64,2021-01-03 05:54:12
29,Stokmarknes,NO,Northern,68.56,14.91,37.0,92,30.24,81,1.99,2021-01-03 06:00:53
30,Aklavik,CA,Northern,68.22,-135.01,-4.0,83,-17.99,100,11.41,2021-01-03 05:55:29
31,Ostrovnoy,RU,Northern,68.05,39.51,16.97,94,6.58,100,8.88,2021-01-03 05:55:36
32,Sorland,NO,Northern,67.67,12.69,40.86,73,31.01,98,11.36,2021-01-03 06:01:57
33,Batagay,RU,Northern,67.63,134.63,-41.85,79,-49.94,38,1.7,2021-01-03 05:59:11
34,Tazovskiy,RU,Northern,67.47,78.7,-18.67,87,-33.41,94,13.94,2021-01-03 05:57:02
35,Sisimiut,GL,Northern,66.94,-53.67,19.06,96,10.63,100,5.77,2021-01-03 05:56:25
36,Yar-Sale,RU,Northern,66.83,70.83,-22.76,85,-37.89,22,14.52,2021-01-03 05:55:51
37,Zhigansk,RU,Northern,66.77,123.37,-35.19,82,-45.6,93,5.91,2021-01-03 05:56:45
38,Rovaniemi,FI,Northern,66.5,25.72,14.0,92,5.09,75,5.82,2021-01-03 05:52:56
39,Storforshei,NO,Northern,66.4,14.52,15.8,92,8.6,40,2.24,2021-01-03 05:55:22
40,Hemnesberget,NO,Northern,66.23,13.63,15.8,92,8.6,40,2.24,2021-01-03 06:00:44
41,Pangnirtung,CA,Northern,66.15,-65.71,-19.48,80,-27.69,88,2.26,2021-01-03 06:01:24
42,Husavik,IS,Northern,66.04,-17.34,46.4,70,33.94,75,17.22,2021-01-03 05:53:51
43,Inta,RU,Northern,66.03,60.17,-8.9,87,-16.6,0,1.79,2021-01-03 06:01:59
44,Aykhal,RU,Northern,66.0,111.5,-27.4,74,-38.22,75,6.71,2021-01-03 05:56:20
45,Urengoy,RU,Northern,65.97,78.37,-19.98,86,-33.0,99,10.83,2021-01-03 06:01:08
46,Pangody,RU,Northern,65.85,74.49,-27.06,85,-39.77,2,10.13,2021-01-03 05:59:10
47,Pyaozerskiy,RU,Northern,65.83,31.17,23.83,98,15.53,97,6.44,2021-01-03 05:57:00
48,Turukhansk,RU,Northern,65.82,87.98,-13.2,89,-26.12,100,10.92,2021-01-03 05:46:12
49,Krasnoselkup,RU,Northern,65.7,82.47,-17.25,85,-32.96,100,15.68,2021-01-03 05:44:44
50,Staryy Nadym,RU,Northern,65.61,72.68,-26.27,84,-38.96,5,10.09,2021-01-03 06:04:17
51,Tasiilaq,GL,Northern,65.61,-37.64,33.8,74,18.52,100,19.46,2021-01-03 05:54:04
52,Lavrentiya,RU,Northern,65.58,-171.0,-7.29,88,-22.99,0,16.08,2021-01-03 06:01:46
53,Norman Wells,CA,Northern,65.28,-126.83,-14.8,75,-23.57,75,3.36,2021-01-03 06:00:51
54,Leshukonskoye,RU,Northern,64.9,45.76,7.27,94,-2.52,100,6.71,2021-01-03 05:58:16
55,College,US,Northern,64.86,-147.8,1.4,70,-13.22,90,9.17,2021-01-03 06:03:04
56,Fairbanks,US,Northern,64.84,-147.72,1.4,70,-13.31,90,9.17,2021-01-03 05:52:12
57,Ust-Nera,RU,Northern,64.57,143.2,-22.56,76,-31.99,99,4.34,2021-01-03 05:55:15
58,Kostomuksha,RU,Northern,64.57,30.58,21.06,98,13.21,100,5.14,2021-01-03 06:02:23
59,Nome,US,Northern,64.5,-165.41,6.8,65,-3.86,1,7.56,2021-01-03 05:53:45
60,Gubkinskiy,RU,Northern,64.43,76.5,-27.56,84,-41.19,21,11.74,2021-01-03 05:55:37
61,Provideniya,RU,Northern,64.38,-173.3,-3.93,83,-23.53,74,23.11,2021-01-03 05:54:05
62,Hofn,IS,Northern,64.25,-15.21,43.18,91,38.3,100,4.97,2021-01-03 05:54:41
63,Nuuk,GL,Northern,64.18,-51.72,24.8,100,18.57,100,2.24,2021-01-03 06:02:47
64,Keflavik,IS,Northern,64.0,-22.56,44.6,100,29.1,90,25.28,2021-01-03 06:02:46
65,Sangar,RU,Northern,63.92,127.47,-44.45,77,-53.84,50,4.0,2021-01-03 05:57:01
66,Grindavik,IS,Northern,63.84,-22.43,44.6,100,29.1,90,25.28,2021-01-03 05:44:19
67,Iqaluit,CA,Northern,63.75,-68.51,-7.6,76,-16.22,20,3.36,2021-01-03 05:51:52
68,Blagoyevo,RU,Northern,63.37,47.92,9.68,94,-0.69,100,7.96,2021-01-03 06:01:14
69,Beringovskiy,RU,Northern,63.05,179.32,13.82,96,-7.38,100,27.74,2021-01-03 05:59:56
70,Kholodnyy,RU,Northern,62.72,147.95,-15.5,84,-25.33,100,5.3,2021-01-03 06:02:40
71,Yellowknife,CA,Northern,62.46,-114.35,-16.01,75,-30.89,75,13.87,2021-01-03 05:52:07
72,Klaksvik,FO,Northern,62.23,-6.59,39.2,100,30.4,100,11.41,2021-01-03 05:54:52
73,Larsnes,NO,Northern,62.2,5.58,28.99,70,22.93,0,1.99,2021-01-03 06:03:20
74,Vestmanna,FO,Northern,62.16,-7.17,39.2,100,30.4,100,11.41,2021-01-03 05:59:01
75,Evensk,RU,Northern,61.95,159.23,-4.4,85,-18.51,100,13.38,2021-01-03 05:53:24
76,Bollnas,SE,Northern,61.35,16.39,27.0,94,20.39,95,3.87,2021-01-03 05:56:50
77,Yerbogachen,RU,Northern,61.28,108.01,-17.95,87,-30.82,100,10.63,2021-01-03 05:58:57
78,Narsaq,GL,Northern,60.92,-46.05,28.4,92,20.8,97,5.82,2021-01-03 05:53:40
79,Hay River,CA,Northern,60.82,-115.8,-4.0,70,-14.85,97,5.82,2021-01-03 05:56:14
80,Hyvinkaa,FI,Northern,60.63,24.87,27.0,92,16.21,75,10.29,2021-01-03 05:58:28
81,Brae,GB,Northern,60.4,-1.35,41.0,80,32.14,74,10.29,2021-01-03 06:00:57
82,Vanavara,RU,Northern,60.34,102.28,-8.59,90,-21.68,100,11.41,2021-01-03 05:54:13
83,Nanortalik,GL,Northern,60.14,-45.24,31.24,92,17.46,98,17.43,2021-01-03 06:00:50
84,Uray,RU,Northern,60.12,64.78,-21.42,86,-33.43,44,8.99,2021-01-03 05:55:25
85,Nikolskoye,RU,Northern,59.7,30.79,32.0,98,26.71,75,2.24,2021-01-03 05:52:02
86,Amot,NO,Northern,59.57,7.99,18.57,90,10.47,34,4.92,2021-01-03 05:56:52
87,Magadan,RU,Northern,59.57,150.8,-4.11,87,-17.68,100,12.46,2021-01-03 05:53:58
88,Okhotsk,RU,Northern,59.38,143.3,-13.86,80,-30.37,69,17.18,2021-01-03 06:02:28
89,Ossora,RU,Northern,59.24,163.07,5.9,93,-5.58,100,9.55,2021-01-03 05:59:36
90,Soligalich,RU,Northern,59.08,42.29,15.67,97,7.56,88,4.76,2021-01-03 06:00:34
91,Maykor,RU,Northern,59.01,55.88,1.63,92,-11.49,97,12.1,2021-01-03 05:52:01
92,Tommot,RU,Northern,58.96,126.29,-14.26,85,-24.29,100,5.7,2021-01-03 05:56:40
93,Fort Nelson,CA,Northern,58.81,-122.7,-4.0,83,-11.72,90,2.01,2021-01-03 05:56:06
94,Vandra,EE,Northern,58.65,25.04,28.99,99,21.54,98,6.08,2021-01-03 05:57:04
95,Juneau,US,Northern,58.3,-134.42,30.99,92,19.56,90,6.38,2021-01-03 06:01:12
96,Ust-Ilimsk,RU,Northern,58.0,102.66,-12.8,87,-25.82,100,11.05,2021-01-03 06:03:35
97,Nizhniy Tagil,RU,Northern,57.92,59.97,-1.62,90,-13.16,100,9.01,2021-01-03 06:01:52
98,Kodiak,US,Northern,57.79,-152.41,33.8,74,23.68,90,10.29,2021-01-03 05:52:38
99,Sitka,US,Northern,57.05,-135.33,37.4,86,30.79,75,5.82,2021-01-03 05:46:03
100,Chara,RU,Northern,56.91,118.26,-18.76,76,-25.82,55,0.22,2021-01-03 06:01:55
101,Chulman,RU,Northern,56.85,124.91,-20.96,85,-28.48,100,1.05,2021-01-03 06:04:14
102,Pereslavl-Zalesskiy,RU,Northern,56.74,38.86,21.06,98,12.2,74,6.96,2021-01-03 05:54:00
103,Kyshtovka,RU,Northern,56.55,76.63,-21.21,86,-29.78,0,2.91,2021-01-03 05:56:28
104,Sukhobuzimskoye,RU,Northern,56.5,93.27,-14.8,68,-29.27,40,13.42,2021-01-03 05:56:57
105,Severnoye,RU,Northern,56.35,78.36,-19.32,87,-26.63,0,0.72,2021-01-03 05:52:15
106,Hoganas,SE,Northern,56.2,12.56,35.6,85,26.29,74,9.17,2021-01-03 06:00:33
107,Esso,RU,Northern,55.93,158.7,2.26,86,-6.81,100,4.83,2021-01-03 06:00:24
108,Thompson,CA,Northern,55.74,-97.86,3.2,84,-8.91,90,10.29,2021-01-03 05:50:52
109,Ayr,GB,Northern,55.46,-4.63,23.0,85,17.29,0,1.12,2021-01-03 05:59:33
110,Ketchikan,US,Northern,55.34,-131.65,42.8,93,27.79,90,23.04,2021-01-03 05:58:44
111,La Ronge,CA,Northern,55.1,-105.28,14.0,85,6.35,71,3.36,2021-01-03 05:59:40
112,Wladyslawowo,PL,Northern,54.79,18.4,36.0,100,26.62,90,5.82,2021-01-03 05:58:17
113,Milkovo,RU,Northern,54.72,158.62,2.17,88,-5.04,100,1.59,2021-01-03 06:01:37
114,Sergeyevka,KZ,Northern,53.88,67.42,-12.21,88,-22.85,92,6.89,2021-01-03 06:02:01
115,Yelizovo,RU,Northern,53.19,158.38,19.4,44,6.84,56,11.18,2021-01-03 05:53:56
116,Nikolayevsk-Na-Amure,RU,Northern,53.14,140.73,-14.57,83,-26.93,39,9.82,2021-01-03 06:00:49
117,Skegness,GB,Northern,53.14,0.34,42.8,93,30.81,75,9.17,2021-01-03 05:53:01
118,Kachiry,KZ,Northern,53.07,76.1,-28.8,84,-38.18,0,4.18,2021-01-03 05:55:58
119,Petropavlovsk-Kamchatskiy,RU,Northern,53.05,158.65,19.4,44,6.84,26,11.18,2021-01-03 05:56:21
120,Svetlogorsk,BY,Northern,52.63,29.73,32.41,97,23.97,100,8.57,2021-01-03 05:55:23
121,Coventry,GB,Northern,52.41,-1.51,37.0,100,28.81,75,6.93,2021-01-03 06:01:06
122,Beeskow,DE,Northern,52.17,14.25,32.0,29,19.17,100,10.0,2021-01-03 05:54:56
123,Kshenskiy,RU,Northern,51.84,37.71,26.37,97,18.5,45,6.15,2021-01-03 05:57:46
124,Margate,GB,Northern,51.38,1.39,39.99,90,32.94,90,3.0,2021-01-03 06:01:44
125,Kamenka,RU,Northern,51.32,42.77,21.94,97,13.69,13,5.97,2021-01-03 05:52:33
126,Gorin,RU,Northern,51.2,136.67,-11.24,84,-19.19,4,2.1,2021-01-03 05:55:10
127,Dauphin,CA,Northern,51.15,-100.05,31.93,95,21.96,58,11.03,2021-01-03 05:58:25
128,Aginskoye,RU,Northern,51.1,114.53,-5.03,82,-20.79,25,16.24,2021-01-03 05:54:36
129,Chingirlau,KZ,Northern,51.09,54.08,13.51,96,1.99,100,10.49,2021-01-03 05:56:06
130,Northam,GB,Northern,51.03,-4.22,39.0,88,30.22,93,8.99,2021-01-03 05:57:19
131,Kapelle,FR,Northern,51.0,2.36,37.99,97,29.91,65,7.31,2021-01-03 05:52:03
132,Arnstadt,DE,Northern,50.83,10.95,32.0,98,22.28,90,9.17,2021-01-03 05:57:42
133,Port Hardy,CA,Northern,50.7,-127.42,44.6,100,33.4,40,5.82,2021-01-03 05:56:35
134,Severo-Kurilsk,RU,Northern,50.68,156.12,25.12,94,3.92,100,29.44,2021-01-03 05:51:30
135,Kungurtug,RU,Northern,50.6,97.52,-14.87,81,-22.56,100,1.5,2021-01-03 06:03:41
136,Polaniec,PL,Northern,50.43,21.28,32.0,100,22.78,0,9.17,2021-01-03 05:59:28
137,Kholtoson,RU,Northern,50.3,103.31,-7.4,81,-15.77,54,2.98,2021-01-03 05:59:04
138,Havre-Saint-Pierre,CA,Northern,50.23,-63.6,5.0,84,-3.89,1,4.7,2021-01-03 06:03:44
139,Aleksandrov Gay,RU,Northern,50.15,48.57,29.01,98,22.68,98,4.05,2021-01-03 05:55:55
140,Selkirk,CA,Northern,50.14,-96.88,28.4,79,17.82,85,9.17,2021-01-03 05:54:50
141,Abbeville,FR,Northern,50.1,1.83,36.0,58,28.36,76,4.16,2021-01-03 05:56:49
142,Port-Cartier,CA,Northern,50.03,-66.87,19.4,85,9.39,75,3.36,2021-01-03 05:57:50
143,Ulaangom,MN,Northern,49.98,92.07,-16.49,87,-24.18,40,1.48,2021-01-03 05:55:56
144,Powell River,CA,Northern,49.85,-124.54,39.2,86,28.69,20,8.05,2021-01-03 05:57:41
145,Chapais,CA,Northern,49.78,-74.85,23.0,85,14.65,90,5.82,2021-01-03 06:02:51
146,Deer Lake,CA,Northern,49.17,-57.43,24.8,79,13.5,90,10.29,2021-01-03 05:59:25
147,Thunder Bay,CA,Northern,48.4,-89.32,26.01,92,13.75,90,2.24,2021-01-03 05:55:20
148,Plouzane,FR,Northern,48.38,-4.62,35.6,86,27.37,35,6.93,2021-01-03 05:55:26
149,Hovd,MN,Northern,48.01,91.64,-1.79,76,-9.33,59,1.72,2021-01-03 05:55:53
150,Grand Forks,US,Northern,47.94,-97.43,28.4,92,14.92,1,8.05,2021-01-03 05:56:39
151,Torbay,CA,Northern,47.67,-52.73,30.0,79,13.84,90,18.34,2021-01-03 05:51:49
152,Vyazemskiy,RU,Northern,47.54,134.75,-4.31,84,-17.79,13,12.24,2021-01-03 05:55:55
153,Washington,US,Northern,47.5,-120.5,37.0,90,31.57,100,1.79,2021-01-03 05:53:33
154,Zaysan,KZ,Northern,47.47,84.87,-8.12,87,-16.44,100,2.91,2021-01-03 06:01:11
155,Glendive,US,Northern,47.11,-104.71,33.8,69,25.05,1,4.7,2021-01-03 06:03:25
156,Presque Isle,US,Northern,46.68,-68.02,17.6,92,9.46,90,4.61,2021-01-03 05:59:02
157,Lasa,IT,Northern,46.62,10.7,33.01,100,25.65,90,3.36,2021-01-03 05:51:46
158,Asau,RO,Northern,46.43,26.4,33.01,70,26.58,84,3.33,2021-01-03 05:52:41
159,Miles City,US,Northern,46.41,-105.84,30.2,68,22.01,1,5.82,2021-01-03 05:57:48
160,Elista,RU,Northern,46.31,44.26,32.0,100,24.89,93,4.47,2021-01-03 05:53:27
161,Grivenskaya,RU,Northern,45.65,38.18,36.91,83,28.67,0,8.37,2021-01-03 06:02:39
162,Port Hawkesbury,CA,Northern,45.62,-61.35,32.0,92,20.32,90,13.87,2021-01-03 05:58:13
163,Portland,US,Northern,45.52,-122.68,51.8,81,40.51,90,13.87,2021-01-03 05:55:17
164,Ushtobe,KZ,Northern,45.25,77.98,1.22,91,-10.34,26,9.28,2021-01-03 05:44:46
165,Mantua,IT,Northern,45.17,10.78,43.0,93,36.3,90,7.0,2021-01-03 06:00:26
166,Saint Anthony,US,Northern,45.02,-93.22,21.99,85,9.86,1,8.05,2021-01-03 05:54:47
167,Correggio,IT,Northern,44.77,10.78,39.99,94,34.21,61,2.28,2021-01-03 05:56:58
168,Bar Harbor,US,Northern,44.39,-68.2,25.0,92,14.68,1,5.82,2021-01-03 05:56:54
169,Gurbanesti,RO,Northern,44.38,26.7,44.01,100,37.45,75,6.93,2021-01-03 05:54:50
170,Pierre,US,Northern,44.37,-100.35,26.6,79,18.43,1,5.82,2021-01-03 06:01:26
171,Shihezi,CN,Northern,44.3,86.03,6.76,92,-1.77,100,4.36,2021-01-03 06:04:13
172,Baishishan,CN,Northern,43.58,127.57,3.88,83,-8.37,89,10.56,2021-01-03 05:54:30
173,Ada,US,Northern,43.42,-116.13,41.0,60,30.79,90,9.17,2021-01-03 05:58:23
174,Nemuro,JP,Northern,43.32,145.57,26.6,38,14.07,20,11.41,2021-01-03 06:03:36
175,Kuryk,KZ,Northern,43.2,51.65,34.18,75,26.01,100,7.0,2021-01-03 05:54:02
176,Muros,ES,Northern,42.78,-9.06,37.0,96,30.22,17,6.11,2021-01-03 05:54:46
177,Pontiac,US,Northern,42.64,-83.29,33.8,98,26.4,90,4.23,2021-01-03 05:54:15
178,Albany,US,Northern,42.6,-73.97,32.0,77,25.61,12,2.59,2021-01-03 05:46:27
179,Broome,US,Northern,42.25,-75.83,32.0,86,23.43,90,3.53,2021-01-03 05:59:06
180,Galabovo,BG,Northern,42.14,25.87,44.6,100,37.78,90,9.17,2021-01-03 05:52:09
181,Jamestown,US,Northern,42.1,-79.24,32.0,100,23.11,90,8.05,2021-01-03 05:51:55
182,Evanston,US,Northern,42.04,-87.69,34.0,96,26.06,90,5.82,2021-01-03 06:02:22
183,Fiumicino,IT,Northern,41.77,12.23,46.0,100,39.47,40,8.05,2021-01-03 06:02:19
184,Korla,CN,Northern,41.76,86.15,21.99,80,10.11,33,11.7,2021-01-03 05:58:43
185,Soria,ES,Northern,41.67,-2.67,22.62,98,12.38,43,9.69,2021-01-03 05:56:26
186,Barcelos,PT,Northern,41.54,-8.62,34.0,87,27.14,8,2.24,2021-01-03 06:01:17
187,Bethel,US,Northern,41.37,-73.41,32.0,95,23.97,1,5.41,2021-01-03 05:53:02
188,At-Bashi,KG,Northern,41.17,75.81,12.69,70,5.68,0,1.66,2021-01-03 06:04:19
189,Westport,US,Northern,41.14,-73.36,35.01,74,25.25,1,5.82,2021-01-03 05:48:12
190,Aksu,CN,Northern,41.12,80.26,23.76,80,15.93,0,4.79,2021-01-03 05:54:46
191,Ardahan,TR,Northern,41.11,42.7,19.87,91,14.14,1,0.92,2021-01-03 06:03:04
192,Elko,US,Northern,41.0,-115.5,33.01,74,24.57,1,2.17,2021-01-03 06:02:10
193,Melfi,IT,Northern,41.0,15.65,36.0,82,28.9,41,5.99,2021-01-03 05:54:20
194,Lincoln,US,Northern,40.8,-96.67,25.0,85,12.18,90,4.7,2021-01-03 05:50:20
195,Mastic Beach,US,Northern,40.77,-72.85,35.6,74,27.37,1,5.82,2021-01-03 05:59:49
196,Mata,PT,Northern,40.68,-7.46,32.52,93,27.09,0,2.98,2021-01-03 05:57:14
197,Viseu,PT,Northern,40.66,-7.91,33.01,95,27.54,0,1.14,2021-01-03 05:51:58
198,Fortuna,US,Northern,40.6,-124.16,53.01,100,44.94,90,12.75,2021-01-03 05:53:41
199,Yumen,CN,Northern,40.28,97.2,18.48,80,10.92,90,3.58,2021-01-03 05:54:40
200,Lata,PT,Northern,40.16,-8.33,43.0,93,30.87,0,4.7,2021-01-03 06:03:14
201,Talavera De La Reina,ES,Northern,39.96,-4.83,28.33,93,22.46,5,2.8,2021-01-03 05:58:24
202,Alcudia,ES,Northern,39.85,3.12,39.99,86,32.47,0,6.93,2021-01-03 05:57:31
203,Castelo Branco,PT,Northern,39.82,-7.49,28.99,87,24.03,0,1.01,2021-01-03 05:52:16
204,Ocean City,US,Northern,39.28,-74.57,39.99,74,33.3,1,3.36,2021-01-03 05:57:09
205,Gazanjyk,TM,Northern,39.24,55.52,35.35,81,27.82,0,6.53,2021-01-03 06:02:12
206,Shitanjing,CN,Northern,39.23,106.34,24.17,73,13.15,5,10.18,2021-01-03 06:02:03
207,Hamilton,US,Northern,39.18,-84.53,39.0,93,31.48,90,4.7,2021-01-03 05:51:37
208,Carbonia,IT,Northern,39.17,8.52,42.8,80,36.39,75,4.7,2021-01-03 05:51:32
209,Carson City,US,Northern,39.16,-119.77,48.2,45,35.74,90,5.82,2021-01-03 06:04:05
210,Sterling,US,Northern,39.01,-77.43,39.99,80,30.96,90,5.82,2021-01-03 05:55:39
211,Zhangye,CN,Northern,38.93,100.45,21.33,74,14.81,0,1.86,2021-01-03 05:51:54
212,Forestville,US,Northern,38.85,-76.88,43.0,75,34.61,1,5.82,2021-01-03 06:00:22
213,Colares,PT,Northern,38.8,-9.45,46.0,86,37.8,11,9.89,2021-01-03 06:01:05
214,Horta,PT,Northern,38.53,-28.63,61.32,86,48.06,100,27.51,2021-01-03 05:55:31
215,Ribeira Grande,PT,Northern,38.52,-28.7,61.43,87,46.44,100,30.85,2021-01-03 05:53:54
216,Jinchang,CN,Northern,38.5,102.17,23.45,70,10.89,0,12.71,2021-01-03 05:51:57
217,Marand,IR,Northern,38.43,45.77,19.4,79,11.25,75,4.7,2021-01-03 05:58:41
218,Laguna,US,Northern,38.42,-121.42,50.0,92,47.8,99,2.66,2021-01-03 05:59:54
219,Locri,IT,Northern,38.24,16.26,53.6,71,33.08,0,12.75,2021-01-03 05:58:49
220,Corinth,GR,Northern,37.94,22.96,55.99,60,53.67,87,1.01,2021-01-03 05:51:24
221,Corinto,GR,Northern,37.94,22.96,55.99,61,52.16,89,3.85,2021-01-03 06:02:25
222,San Francisco,US,Northern,37.77,-122.42,53.01,95,50.41,93,0.69,2021-01-03 05:47:46
223,Arrifes,PT,Northern,37.77,-25.7,59.0,87,46.99,75,24.16,2021-01-03 05:53:04
224,Ponta Delgada,PT,Northern,37.73,-25.67,59.0,87,46.99,75,24.16,2021-01-03 05:56:38
225,Vila Franca Do Campo,PT,Northern,37.72,-25.43,59.0,87,46.99,75,24.16,2021-01-03 05:53:42
226,Eregli,TR,Northern,37.51,34.05,39.11,72,35.08,62,0.51,2021-01-03 06:03:33
227,Murgab,TM,Northern,37.5,61.97,19.4,92,12.24,90,3.44,2021-01-03 05:59:17
228,Alamosa,US,Northern,37.47,-105.87,3.2,84,-5.76,1,4.7,2021-01-03 06:02:24
229,Bucak,TR,Northern,37.46,30.59,57.0,100,41.7,75,4.7,2021-01-03 06:02:50
230,Viransehir,TR,Northern,37.24,39.76,49.8,62,45.18,0,3.4,2021-01-03 05:56:01
231,Saint George,US,Northern,37.1,-113.58,37.4,47,26.98,1,4.7,2021-01-03 05:54:21
232,Olhao,PT,Northern,37.03,-7.84,37.4,93,31.1,0,5.82,2021-01-03 06:04:04
233,Erzin,TR,Northern,36.96,36.2,55.0,60,47.43,3,10.0,2021-01-03 05:53:50
234,Jurm,AF,Northern,36.86,70.83,36.93,60,29.68,0,4.79,2021-01-03 05:58:35
235,West Plains,US,Northern,36.73,-91.85,30.2,92,21.54,90,6.93,2021-01-03 06:01:15
236,Salinas,US,Northern,36.68,-121.66,53.6,100,50.76,90,5.82,2021-01-03 05:52:47
237,Pacific Grove,US,Northern,36.62,-121.92,54.0,100,53.37,90,0.54,2021-01-03 05:55:48
238,Motegi,JP,Northern,36.52,140.18,44.6,28,37.8,75,2.24,2021-01-03 06:00:30
239,Kumluca,TR,Northern,36.37,30.29,59.34,46,54.54,100,4.12,2021-01-03 06:04:09
240,Qingdao,CN,Northern,36.1,120.37,39.0,69,31.05,100,4.47,2021-01-03 06:03:42
241,Idlib,SY,Northern,35.93,36.63,41.0,100,37.72,40,2.24,2021-01-03 05:51:18
242,Hasaki,JP,Northern,35.73,140.83,48.99,39,37.76,40,8.05,2021-01-03 05:54:10
243,Torbat-E Jam,IR,Northern,35.24,60.62,42.57,44,33.89,0,6.91,2021-01-03 05:59:15
244,Katsuura,JP,Northern,35.13,140.3,48.99,48,37.11,40,8.05,2021-01-03 05:58:21
245,Havelock,US,Northern,34.88,-76.9,62.01,100,61.45,90,5.82,2021-01-03 06:02:33
246,Lompoc,US,Northern,34.64,-120.46,53.6,87,48.42,90,5.5,2021-01-03 05:53:44
247,Shangqiu,CN,Northern,34.45,115.65,44.01,58,39.61,100,1.01,2021-01-03 05:56:34
248,Show Low,US,Northern,34.25,-110.03,24.8,53,14.43,1,6.93,2021-01-03 06:02:30
249,Delijan,IR,Northern,33.99,50.68,41.65,57,36.86,29,1.1,2021-01-03 06:04:00
250,Santa Ana,US,Northern,33.75,-117.87,54.0,88,50.61,60,1.9,2021-01-03 05:58:52
251,Shingu,JP,Northern,33.73,135.98,48.2,42,33.53,20,18.34,2021-01-03 06:00:27
252,Baghdad,IQ,Northern,33.34,44.4,44.6,75,39.22,0,4.7,2021-01-03 05:54:48
253,Avera,US,Northern,33.19,-82.53,59.0,85,52.0,90,12.75,2021-01-03 05:55:01
254,Camacha,PT,Northern,33.08,-16.33,59.0,54,52.72,40,8.05,2021-01-03 05:44:52
255,Zaltan,LY,Northern,32.95,11.87,49.37,50,44.42,20,2.3,2021-01-03 05:59:32
256,Birjand,IR,Northern,32.87,59.22,30.2,22,19.83,0,6.93,2021-01-03 06:00:39
257,Charleston,US,Northern,32.78,-79.93,69.01,100,67.37,90,12.75,2021-01-03 06:03:41
258,Ponta Do Sol,PT,Northern,32.67,-17.1,59.0,67,48.18,75,9.17,2021-01-03 05:52:26
259,Minamata,JP,Northern,32.22,130.4,51.8,25,42.82,0,5.82,2021-01-03 05:57:54
260,Stephenville,US,Northern,32.22,-98.2,39.99,69,32.54,1,3.36,2021-01-03 05:56:24
261,Green Valley,US,Northern,31.85,-110.99,44.6,30,33.8,1,4.7,2021-01-03 05:59:38
262,Bardiyah,LY,Northern,31.76,25.09,57.11,79,53.1,0,7.58,2021-01-03 06:02:59
263,Marrakesh,MA,Northern,31.63,-8.01,44.6,75,39.22,40,4.7,2021-01-03 05:59:42
264,Gat,IL,Northern,31.61,34.76,55.99,93,54.01,20,1.12,2021-01-03 05:50:02
265,Kaseda,JP,Northern,31.42,130.32,51.8,25,42.82,0,5.82,2021-01-03 05:56:59
266,Tianpeng,CN,Northern,30.99,103.94,54.0,1,44.19,0,4.79,2021-01-03 05:52:58
267,San Quintin,MX,Northern,30.48,-115.95,56.52,71,51.64,0,7.52,2021-01-03 05:58:50
268,Agadir,MA,Northern,30.42,-9.6,44.6,100,40.06,0,5.82,2021-01-03 05:54:55
269,Nalut,LY,Northern,30.33,10.85,43.5,54,35.82,46,6.33,2021-01-03 05:55:34
270,Vihari,PK,Northern,30.03,72.35,67.28,44,60.94,22,9.04,2021-01-03 05:57:43
271,Sakakah,SA,Northern,29.97,40.21,53.6,81,50.49,20,4.7,2021-01-03 05:56:12
272,Iberia,US,Northern,29.95,-91.75,37.4,93,33.12,1,2.24,2021-01-03 05:59:59
273,Houston,US,Northern,29.76,-95.36,51.8,52,39.36,1,8.05,2021-01-03 05:56:01
274,Jumla,NP,Northern,29.27,82.18,58.5,29,51.3,48,5.12,2021-01-03 05:59:12
275,Luzhou,CN,Northern,28.87,105.44,52.14,51,46.65,63,4.09,2021-01-03 05:56:04
276,Tacoronte,ES,Northern,28.48,-16.41,59.0,82,55.98,90,3.36,2021-01-03 06:01:10
277,Naze,JP,Northern,28.37,129.48,64.4,63,52.03,20,20.8,2021-01-03 05:54:07
278,Pokhara,NP,Northern,28.23,83.98,72.25,22,65.28,92,5.84,2021-01-03 06:03:49
279,San Patricio,US,Northern,28.02,-97.52,46.99,87,40.44,1,8.05,2021-01-03 06:03:58
280,Guerrero Negro,MX,Northern,27.98,-114.06,59.13,61,50.74,0,13.11,2021-01-03 06:01:02
281,Tezu,IN,Northern,27.92,96.17,76.69,18,70.79,69,3.65,2021-01-03 06:01:07
282,Xichang,CN,Northern,27.9,102.26,61.0,33,55.53,100,3.29,2021-01-03 05:57:27
283,Hongjiang,CN,Northern,27.11,110.0,52.2,56,46.15,89,5.82,2021-01-03 06:01:03
284,Johi,PK,Northern,26.69,67.61,66.65,21,61.48,0,1.32,2021-01-03 06:01:27
285,High Rock,BS,Northern,26.62,-78.28,71.6,88,76.93,97,2.24,2021-01-03 06:02:15
286,Awbari,LY,Northern,26.59,12.78,51.01,75,47.61,5,3.33,2021-01-03 05:53:17
287,Marsh Harbour,BS,Northern,26.54,-77.06,74.43,74,73.24,45,11.97,2021-01-03 05:44:50
288,Itoman,JP,Northern,26.12,127.67,69.8,60,46.8,75,10.29,2021-01-03 05:54:35
289,La Reforma,MX,Northern,25.08,-108.05,55.99,81,50.34,15,5.99,2021-01-03 05:56:32
290,Jiwani,PK,Northern,25.05,61.74,62.01,29,52.23,0,10.36,2021-01-03 06:02:49
291,Riyadh,SA,Northern,24.69,46.72,53.6,87,50.29,0,5.95,2021-01-03 05:58:42
292,Keti Bandar,PK,Northern,24.14,67.45,71.46,20,61.74,0,10.0,2021-01-03 05:53:31
293,Khurai,IN,Northern,24.04,78.33,82.63,29,76.68,78,9.42,2021-01-03 06:02:14
294,Laibin,CN,Northern,23.7,109.27,66.36,28,57.97,0,8.61,2021-01-03 05:56:08
295,Rapar,IN,Northern,23.57,70.63,70.02,39,62.53,0,10.78,2021-01-03 06:03:45
296,Cabo San Lucas,MX,Northern,22.89,-109.91,59.0,72,57.88,81,1.01,2021-01-03 05:49:42
297,Jieshi,CN,Northern,22.81,115.83,66.99,44,58.98,12,11.88,2021-01-03 05:59:27
298,Taoudenni,ML,Northern,22.68,-3.98,53.78,38,48.31,0,2.59,2021-01-03 05:52:06
299,Victoria,HK,Northern,22.29,114.16,66.99,52,61.81,2,5.46,2021-01-03 05:56:02
300,Kapaa,US,Northern,22.08,-159.32,75.2,73,67.96,20,18.34,2021-01-03 05:53:20
301,Yangjiang,CN,Northern,21.85,111.97,66.99,34,60.57,28,6.69,2021-01-03 06:00:11
302,Ahuimanu,US,Northern,21.44,-157.84,75.2,79,71.22,90,13.87,2021-01-03 05:58:34
303,Chandur Bazar,IN,Northern,21.24,77.75,78.51,33,73.42,83,7.81,2021-01-03 05:52:48
304,Mangrol,IN,Northern,21.12,70.12,72.63,31,63.52,10,12.3,2021-01-03 05:52:46
305,Valle De Guadalupe,MX,Northern,21.0,-102.62,53.4,38,46.67,0,4.74,2021-01-03 05:58:46
306,Nouadhibou,MR,Northern,20.93,-17.03,60.8,72,54.93,12,11.41,2021-01-03 05:53:52
307,Kahului,US,Northern,20.89,-156.47,73.4,69,65.88,1,11.41,2021-01-03 06:01:38
308,Basco,PH,Northern,20.45,121.97,74.52,83,67.08,82,25.88,2021-01-03 06:00:36
309,Akyab,MM,Northern,20.15,92.9,77.52,42,76.19,89,3.8,2021-01-03 05:52:19
310,Hilo,US,Northern,19.73,-155.09,71.6,88,70.32,90,4.7,2021-01-03 05:52:30
311,Las Matas De Farfan,DO,Northern,18.87,-71.52,62.65,76,62.65,0,2.73,2021-01-03 06:01:54
312,Lucea,JM,Northern,18.45,-78.17,75.2,64,71.85,20,9.17,2021-01-03 05:59:47
313,Banswada,IN,Northern,18.38,77.88,82.22,36,77.67,69,9.53,2021-01-03 05:58:45
314,Ha Tinh,VN,Northern,18.33,105.9,62.44,76,59.11,99,8.55,2021-01-03 05:59:53
315,Myanaung,MM,Northern,18.28,95.32,84.81,43,83.43,65,8.14,2021-01-03 05:55:04
316,Nouakchott,MR,Northern,18.09,-15.98,59.0,54,52.09,0,9.17,2021-01-03 05:53:07
317,Bull Savanna,JM,Northern,17.89,-77.59,69.37,79,69.46,0,7.4,2021-01-03 05:51:39
318,Yarada,IN,Northern,17.65,83.27,80.6,54,79.63,53,9.17,2021-01-03 06:03:21
319,Salalah,OM,Northern,17.02,54.09,75.2,57,76.19,20,3.36,2021-01-03 05:55:18
320,Mindelo,CV,Northern,16.89,-24.98,68.0,88,70.34,0,4.7,2021-01-03 05:52:10
321,Balaoan,PH,Northern,16.82,120.4,84.31,62,88.72,73,5.59,2021-01-03 06:03:46
322,Aloleng,PH,Northern,16.13,119.78,85.37,62,89.94,20,6.2,2021-01-03 05:59:28
323,Puerto Escondido,MX,Northern,15.85,-97.07,76.6,73,78.93,3,7.09,2021-01-03 05:56:57
324,Praia,CV,Northern,14.92,-23.51,68.0,88,70.34,20,4.7,2021-01-03 05:56:44
325,Sao Filipe,CV,Northern,14.9,-24.5,74.08,75,77.31,81,4.16,2021-01-03 05:53:25
326,Pak Chong,TH,Northern,14.71,101.42,89.01,37,84.27,1,11.36,2021-01-03 06:04:01
327,Marzuq,YE,Northern,14.4,46.47,65.01,36,59.94,40,4.21,2021-01-03 06:00:58
328,Kutum,SD,Northern,14.2,24.67,63.86,25,58.62,34,1.83,2021-01-03 06:04:07
329,Umm Kaddadah,SD,Northern,13.6,26.69,66.54,25,54.99,36,13.58,2021-01-03 05:57:20
330,Buluang,PH,Northern,13.31,123.34,86.4,63,90.81,52,7.83,2021-01-03 05:52:29
331,Bathsheba,BB,Northern,13.22,-59.52,77.0,57,69.53,75,19.46,2021-01-03 05:55:30
332,Kattivakkam,IN,Northern,13.22,80.32,78.8,94,87.67,75,4.7,2021-01-03 05:53:15
333,Laem Sing,TH,Northern,12.48,102.07,88.0,45,82.17,28,17.22,2021-01-03 06:01:21
334,Alugan,PH,Northern,12.22,125.48,82.24,81,85.06,89,14.23,2021-01-03 05:59:26
335,Saint-Georges,GD,Northern,12.06,-61.75,76.35,74,74.32,14,14.94,2021-01-03 05:54:10
336,Port Blair,IN,Northern,11.67,92.75,82.4,69,85.48,40,9.17,2021-01-03 05:57:01
337,Bubaque,GW,Northern,11.28,-15.83,79.56,54,79.57,0,6.73,2021-01-03 05:54:07
338,Dibulla,CO,Northern,11.27,-73.31,75.85,75,75.25,7,12.3,2021-01-03 06:03:48
339,Kavaratti,IN,Northern,10.57,72.64,84.2,70,90.95,40,4.7,2021-01-03 05:54:24
340,El Pinon,CO,Northern,10.4,-74.82,80.6,65,81.95,0,9.17,2021-01-03 05:57:36
341,Kontagora,NG,Northern,10.4,5.47,68.36,37,65.34,0,1.79,2021-01-03 05:56:44
342,Birao,CF,Northern,10.28,22.79,69.42,22,60.64,84,8.5,2021-01-03 05:54:58
343,Boundiali,CI,Northern,9.52,-6.49,70.95,68,71.46,0,4.83,2021-01-03 06:00:37
344,Yendi,GH,Northern,9.44,-0.01,75.06,62,76.41,0,4.18,2021-01-03 06:02:34
345,Deder,ET,Northern,9.32,41.45,60.53,54,57.67,98,2.53,2021-01-03 05:51:01
346,Bac Lieu,VN,Northern,9.29,105.72,82.35,67,85.59,100,8.05,2021-01-03 06:01:40
347,Tagusao,PH,Northern,9.19,117.81,81.97,78,90.07,100,3.4,2021-01-03 06:03:05
348,Calabozo,VE,Northern,8.92,-67.43,73.87,73,74.8,35,7.45,2021-01-03 05:58:11
349,Jalingo,NG,Northern,8.88,11.37,73.9,30,70.65,0,2.01,2021-01-03 05:57:55
350,Golfito,CR,Northern,8.64,-83.17,73.29,89,79.61,42,2.19,2021-01-03 05:55:14
351,Trincomalee,LK,Northern,8.57,81.23,81.25,82,82.53,94,16.33,2021-01-03 06:00:54
352,Bedele,ET,Northern,8.46,36.35,68.65,53,68.77,90,0.31,2021-01-03 05:53:49
353,Krabi,TH,Northern,8.07,98.91,82.4,74,87.22,75,8.05,2021-01-03 05:57:26
354,Marawi,PH,Northern,8.0,124.29,82.99,82,92.8,90,3.0,2021-01-03 05:56:30
355,Eyl,SO,Northern,7.98,49.82,77.97,60,71.06,68,20.13,2021-01-03 05:44:54
356,San Cristobal,VE,Northern,7.77,-72.22,62.94,87,65.19,50,1.16,2021-01-03 05:54:06
357,Batticaloa,LK,Northern,7.71,81.69,82.17,79,85.66,100,12.17,2021-01-03 05:51:34
358,Kalmunai,LK,Northern,7.42,81.82,81.82,80,84.81,100,13.11,2021-01-03 05:51:50
359,Yaan,NG,Northern,7.38,8.57,75.22,86,80.8,35,4.32,2021-01-03 05:54:43
360,Ginir,ET,Northern,7.13,40.7,63.32,46,59.47,63,3.67,2021-01-03 05:54:26
361,Songkhla,TH,Northern,6.83,100.67,82.4,74,85.96,75,10.29,2021-01-03 06:03:10
362,Porto Novo,BJ,Northern,6.5,2.6,82.4,83,87.98,40,10.29,2021-01-03 05:58:59
363,Monrovia,LR,Northern,6.3,-10.8,77.0,94,84.67,40,4.92,2021-01-03 05:53:59
364,Hambantota,LK,Northern,6.12,81.12,78.8,100,88.23,75,5.82,2021-01-03 05:56:46
365,Weligama,LK,Northern,5.97,80.42,87.3,61,92.68,5,6.02,2021-01-03 05:58:48
366,Sabang,ID,Northern,5.89,95.32,82.04,79,80.4,97,21.16,2021-01-03 05:51:14
367,Betong,TH,Northern,5.77,101.07,76.8,89,84.97,98,2.17,2021-01-03 05:58:29
368,Ugoofaaru,MV,Northern,5.67,73.0,81.9,70,87.12,76,5.32,2021-01-03 05:57:24
369,Banda Aceh,ID,Northern,5.56,95.32,85.37,67,88.07,76,11.72,2021-01-03 06:03:13
370,Georgetown,MY,Northern,5.41,100.34,82.0,78,87.12,20,3.36,2021-01-03 05:52:55
371,Hobyo,SO,Northern,5.35,48.53,78.89,66,72.48,68,21.99,2021-01-03 06:03:26
372,Mumford,GH,Northern,5.26,-0.76,77.9,88,84.07,17,6.46,2021-01-03 05:52:23
373,Cayenne,GF,Northern,4.93,-52.33,77.0,100,87.3,90,2.24,2021-01-03 05:57:47
374,Takoradi,GH,Northern,4.88,-1.76,78.19,88,84.36,13,6.73,2021-01-03 05:56:46
375,Bafia,CM,Northern,4.75,11.23,70.09,93,75.94,26,1.39,2021-01-03 06:02:43
376,Bangassou,CF,Northern,4.74,22.82,75.09,76,80.87,94,0.72,2021-01-03 05:54:27
377,Mosquera,CO,Northern,4.71,-74.23,53.6,87,50.36,75,5.82,2021-01-03 06:03:15
378,Tabou,CI,Northern,4.42,-7.35,78.24,86,84.02,50,6.8,2021-01-03 05:59:00
379,Harper,LR,Northern,4.38,-7.72,78.35,85,83.97,61,6.85,2021-01-03 05:55:25
380,Inirida,CO,Northern,3.87,-67.92,71.29,97,77.74,94,2.46,2021-01-03 05:50:59
381,Yaounde,CM,Northern,3.87,11.52,68.0,100,73.2,75,2.57,2021-01-03 05:57:02
382,Luba,GQ,Northern,3.46,8.55,73.4,88,78.96,20,3.36,2021-01-03 06:01:20
383,Bonfim,BR,Northern,3.08,-59.95,76.01,81,78.48,79,8.95,2021-01-03 05:59:20
384,Butaritari,KI,Northern,3.07,172.79,81.54,82,82.87,1,16.53,2021-01-03 05:51:42
385,Kribi,CM,Northern,2.95,9.92,79.2,85,85.59,64,6.31,2021-01-03 06:01:48
386,Boa Vista,BR,Northern,2.82,-60.67,77.0,88,82.4,75,6.93,2021-01-03 06:00:43
387,Kudahuvadhoo,MV,Northern,2.67,72.89,82.56,77,85.62,89,12.53,2021-01-03 05:56:00
388,Mogadishu,SO,Northern,2.04,45.34,77.0,69,75.56,0,12.75,2021-01-03 05:53:35
389,Kapit,MY,Northern,2.02,112.93,89.06,63,98.33,100,1.7,2021-01-03 06:03:23
390,Wajir,KE,Northern,1.75,40.06,77.0,78,80.53,75,6.93,2021-01-03 05:58:40
391,Barbacoas,CO,Northern,1.67,-78.14,73.89,92,81.95,100,0.54,2021-01-03 05:56:19
392,Sembe,CG,Northern,1.65,14.58,72.54,80,77.79,100,0.85,2021-01-03 05:53:46
393,Bitung,ID,Northern,1.45,125.18,86.0,74,94.12,40,5.82,2021-01-03 05:54:26
394,Basoko,CD,Northern,1.24,23.62,73.11,89,78.19,100,4.25,2021-01-03 05:57:32
395,Balaipungut,ID,Northern,1.05,101.28,87.8,62,90.66,40,11.41,2021-01-03 05:59:21
396,Libreville,GA,Northern,0.39,9.45,78.8,94,87.04,40,5.82,2021-01-03 05:57:38
397,Mbandaka,CD,Northern,0.05,18.26,71.71,91,76.53,100,4.05,2021-01-03 06:01:18
398,Pontianak,ID,Southern,-0.03,109.33,84.81,71,91.63,100,5.59,2021-01-03 05:53:18
399,Mazagao,BR,Southern,-0.12,-51.29,78.8,94,88.43,20,3.36,2021-01-03 05:57:33
400,Sao Gabriel Da Cachoeira,BR,Southern,-0.13,-67.09,73.38,97,81.37,100,1.68,2021-01-03 05:55:00
401,Payakumbuh,ID,Southern,-0.22,100.63,74.34,85,80.94,100,1.39,2021-01-03 06:03:19
402,Japura,ID,Southern,-0.32,102.35,88.21,57,92.91,94,6.13,2021-01-03 06:01:36
403,Hithadhoo,MV,Southern,-0.6,73.08,82.92,78,86.29,54,12.75,2021-01-03 05:55:12
404,Port-Gentil,GA,Southern,-0.72,8.78,77.0,100,85.91,40,4.7,2021-01-03 05:46:41
405,Puerto Ayora,EC,Southern,-0.74,-90.35,71.01,90,73.35,21,7.61,2021-01-03 05:51:04
406,Bomet,KE,Southern,-0.78,35.34,62.83,77,63.19,28,2.39,2021-01-03 05:58:12
407,Balikpapan,ID,Southern,-1.27,116.83,84.2,74,91.27,20,5.82,2021-01-03 06:01:41
408,Goma,CD,Southern,-1.68,29.22,67.95,71,70.48,71,0.16,2021-01-03 06:02:18
409,Inongo,CD,Southern,-1.95,18.27,72.07,95,79.2,88,1.39,2021-01-03 06:02:20
410,Lorengau,PG,Southern,-2.02,147.27,83.75,76,90.28,99,7.16,2021-01-03 05:56:49
411,Kavieng,PG,Southern,-2.57,150.8,85.51,71,89.17,56,11.9,2021-01-03 05:49:43
412,Tutoia,BR,Southern,-2.76,-42.27,79.92,81,82.36,91,12.57,2021-01-03 05:55:54
413,Baiao,BR,Southern,-2.79,-49.67,72.77,98,80.33,78,2.15,2021-01-03 05:57:35
414,Manggar,ID,Southern,-2.88,108.27,83.59,72,89.69,97,6.11,2021-01-03 06:01:17
415,Paragominas,BR,Southern,-2.97,-47.48,72.23,99,79.7,99,2.08,2021-01-03 06:03:18
416,Poli,TZ,Southern,-3.33,36.8,71.6,88,70.75,75,3.62,2021-01-03 06:00:17
417,Amahai,ID,Southern,-3.33,128.92,88.0,68,98.42,99,1.01,2021-01-03 05:59:07
418,Majene,ID,Southern,-3.54,118.97,86.47,62,91.85,100,5.73,2021-01-03 06:02:38
419,Namatanai,PG,Southern,-3.67,152.43,84.9,72,89.8,28,9.53,2021-01-03 06:00:28
420,Iquitos,PE,Southern,-3.75,-73.25,77.0,88,85.68,40,1.12,2021-01-03 06:01:16
421,Bengkulu,ID,Southern,-3.8,102.27,84.27,70,88.92,76,8.52,2021-01-03 06:03:40
422,Ilebo,CD,Southern,-4.32,20.58,74.34,84,81.19,91,0.65,2021-01-03 05:57:06
423,Talara,PE,Southern,-4.58,-81.27,69.3,79,66.24,93,12.95,2021-01-03 05:58:08
424,Touros,BR,Southern,-5.2,-35.46,77.0,88,84.42,75,3.36,2021-01-03 05:54:45
425,Tabuleiro Do Norte,BR,Southern,-5.25,-38.13,76.3,77,79.34,19,6.87,2021-01-03 05:55:10
426,Galesong,ID,Southern,-5.32,119.37,86.0,74,92.23,20,9.17,2021-01-03 06:03:52
427,Beneditinos,BR,Southern,-5.45,-42.37,78.8,83,84.22,0,6.93,2021-01-03 05:56:03
428,Kiunga,PG,Southern,-6.12,141.29,93.78,48,100.17,86,3.18,2021-01-03 06:02:16
429,Soyo,AO,Southern,-6.13,12.37,77.36,88,83.66,93,5.68,2021-01-03 05:58:27
430,Kandrian,PG,Southern,-6.22,149.55,86.34,64,92.03,18,5.97,2021-01-03 05:58:09
431,Sokoni,TZ,Southern,-6.43,39.55,82.4,83,91.09,20,4.76,2021-01-03 06:01:45
432,Labuhan,ID,Southern,-6.88,112.21,85.68,70,91.17,100,8.37,2021-01-03 05:51:07
433,Araripe,BR,Southern,-7.21,-40.05,67.24,88,68.63,88,5.86,2021-01-03 05:59:13
434,Conde,BR,Southern,-7.26,-34.91,75.83,84,79.07,0,8.39,2021-01-03 05:53:11
435,Manono,CD,Southern,-7.3,27.42,70.41,93,76.05,99,2.06,2021-01-03 06:03:16
436,Bambanglipuro,ID,Southern,-7.95,110.28,83.14,73,87.46,100,9.24,2021-01-03 05:56:51
437,Utete,TZ,Southern,-7.99,38.76,76.84,93,86.09,100,1.59,2021-01-03 06:02:41
438,Olinda,BR,Southern,-8.01,-34.86,77.0,73,80.22,40,5.82,2021-01-03 05:55:00
439,Tarauaca,BR,Southern,-8.16,-70.77,71.67,95,78.48,69,1.61,2021-01-03 05:55:50
440,Merauke,ID,Southern,-8.47,140.33,88.21,66,91.98,52,12.12,2021-01-03 05:53:32
441,Airai,TL,Southern,-8.93,125.41,73.94,83,79.5,57,2.3,2021-01-03 05:51:29
442,Maragogi,BR,Southern,-9.01,-35.22,76.12,82,79.12,53,8.41,2021-01-03 05:58:22
443,Mtwango,TZ,Southern,-9.02,34.8,63.79,85,63.9,92,5.08,2021-01-03 06:01:18
444,Caraz,PE,Southern,-9.05,-77.81,60.22,60,57.0,100,4.18,2021-01-03 05:54:03
445,Daru,PG,Southern,-9.08,143.21,85.46,72,92.43,95,6.4,2021-01-03 05:58:06
446,Atambua,ID,Southern,-9.11,124.89,84.06,72,90.73,59,5.53,2021-01-03 05:56:43
447,Bukama,CD,Southern,-9.2,25.85,69.22,95,75.24,100,0.92,2021-01-03 06:01:04
448,Honiara,SB,Southern,-9.43,159.95,89.6,59,96.35,40,4.7,2021-01-03 05:55:17
449,Atuona,PF,Southern,-9.8,-139.03,78.49,70,73.04,23,21.39,2021-01-03 05:53:16
450,Soe,ID,Southern,-9.86,124.28,84.04,62,88.18,97,5.84,2021-01-03 06:02:54
451,Alta Floresta,BR,Southern,-9.88,-56.09,69.6,97,74.97,34,2.91,2021-01-03 05:56:29
452,Huarmey,PE,Southern,-10.07,-78.15,68.99,85,70.61,100,5.97,2021-01-03 05:52:42
453,Coruripe,BR,Southern,-10.13,-36.18,76.19,83,78.67,8,9.73,2021-01-03 06:04:03
454,Masuguru,TZ,Southern,-11.37,38.42,73.15,94,80.29,98,2.06,2021-01-03 05:55:13
455,Orcotuna,PE,Southern,-11.97,-75.33,43.97,84,39.63,100,3.58,2021-01-03 05:58:54
456,Catumbela,AO,Southern,-12.43,13.55,77.0,83,84.13,75,2.21,2021-01-03 05:54:28
457,Vilhena,BR,Southern,-12.74,-60.15,69.37,92,75.13,74,0.72,2021-01-03 06:02:32
458,Ambilobe,MG,Southern,-13.2,49.05,86.09,61,91.83,98,4.32,2021-01-03 05:58:37
459,Mkushi,ZM,Southern,-13.62,29.39,64.04,93,67.89,76,0.31,2021-01-03 05:55:45
460,Pisco,PE,Southern,-13.7,-76.22,68.0,88,66.58,0,9.17,2021-01-03 05:45:48
461,Alyangula,AU,Southern,-13.85,136.42,91.4,66,99.95,70,6.93,2021-01-03 06:03:54
462,Lufilufi,WS,Southern,-13.87,-171.6,82.4,78,82.51,75,17.4,2021-01-03 06:03:37
463,Sola,VU,Southern,-13.88,167.55,83.41,77,87.44,84,11.68,2021-01-03 05:46:37
464,Dedza,MW,Southern,-14.38,34.33,63.41,94,63.72,71,6.38,2021-01-03 06:03:39
465,Antalaha,MG,Southern,-14.9,50.28,82.71,66,84.6,62,10.36,2021-01-03 06:03:09
466,Acari,PE,Southern,-15.43,-74.62,70.79,76,73.44,95,3.06,2021-01-03 06:02:43
467,Chiradzulu,MW,Southern,-15.67,35.14,70.83,80,73.65,56,3.87,2021-01-03 06:02:29
468,Belmonte,BR,Southern,-15.86,-38.88,77.0,78,81.79,75,4.7,2021-01-03 05:58:53
469,Piranhas,BR,Southern,-16.43,-51.82,74.39,77,79.65,84,1.39,2021-01-03 06:02:35
470,Faanui,PF,Southern,-16.48,-151.75,80.53,75,79.56,8,17.0,2021-01-03 05:50:55
471,La Paz,BO,Southern,-16.5,-68.15,42.8,100,39.88,40,2.24,2021-01-03 06:01:58
472,Mareeba,AU,Southern,-17.0,145.43,81.0,88,91.69,75,1.12,2021-01-03 06:03:29
473,Tiarei,PF,Southern,-17.53,-149.33,80.6,57,82.36,20,4.7,2021-01-03 05:55:53
474,Caravelas,BR,Southern,-17.71,-39.25,74.62,89,78.55,77,7.65,2021-01-03 06:01:30
475,Tautira,PF,Southern,-17.73,-149.15,80.6,57,82.36,20,4.7,2021-01-03 05:56:41
476,Teahupoo,PF,Southern,-17.83,-149.27,80.6,57,82.36,20,4.7,2021-01-03 05:55:32
477,Rundu,NA,Southern,-17.93,19.77,71.19,80,74.16,100,3.89,2021-01-03 05:52:17
478,Alofi,NU,Southern,-19.06,-169.92,82.4,78,92.03,98,1.12,2021-01-03 05:52:12
479,Isangel,VU,Southern,-19.55,169.27,76.53,91,78.08,100,14.32,2021-01-03 05:54:10
480,Nokaneng,BW,Southern,-19.67,22.27,71.31,84,69.58,100,13.4,2021-01-03 05:55:47
481,Santa Luzia,BR,Southern,-19.77,-43.85,64.4,93,65.3,90,5.82,2021-01-03 06:01:31
482,Cap Malheureux,MU,Southern,-19.98,57.61,81.0,58,80.56,0,10.0,2021-01-03 05:51:51
483,Grand Gaube,MU,Southern,-20.01,57.66,82.0,60,82.99,0,8.99,2021-01-03 06:03:30
484,Bowen,AU,Southern,-20.02,148.23,86.0,66,87.57,40,13.87,2021-01-03 05:51:00
485,Quatre Cocos,MU,Southern,-20.21,57.76,82.0,61,78.89,20,14.99,2021-01-03 05:57:51
486,Port Hedland,AU,Southern,-20.32,118.57,96.8,63,100.78,41,19.46,2021-01-03 06:01:32
487,Bambous Virieux,MU,Southern,-20.34,57.76,82.0,61,78.78,20,14.99,2021-01-03 05:59:58
488,Pouebo,NC,Southern,-20.4,164.57,79.68,82,84.4,100,8.66,2021-01-03 05:57:57
489,Mahebourg,MU,Southern,-20.41,57.7,80.6,61,77.83,20,14.99,2021-01-03 05:51:05
490,Souillac,MU,Southern,-20.52,57.52,80.6,61,77.83,20,14.99,2021-01-03 05:57:15
491,Ambatofinandrahana,MG,Southern,-20.55,46.8,66.42,76,63.3,88,10.45,2021-01-03 05:53:02
492,Kalakamati,BW,Southern,-20.59,27.31,66.2,88,64.67,90,10.29,2021-01-03 06:03:53
493,Mount Isa,AU,Southern,-20.73,139.5,89.6,49,87.75,40,14.99,2021-01-03 05:55:11
494,Karratha,AU,Southern,-20.74,116.85,98.22,36,92.57,11,20.71,2021-01-03 05:56:36
495,Saint-Paul,RE,Southern,-21.01,55.27,82.4,51,63.03,20,23.04,2021-01-03 05:57:22
496,Mackay,AU,Southern,-21.15,149.2,84.2,74,85.98,40,13.87,2021-01-03 06:01:53
497,Vaini,TO,Southern,-21.2,-175.2,78.8,94,87.04,90,5.82,2021-01-03 05:51:15
498,Avarua,CK,Southern,-21.21,-159.78,82.4,78,82.96,42,17.22,2021-01-03 05:48:08
499,Poya,NC,Southern,-21.35,165.15,80.96,80,87.1,98,6.67,2021-01-03 05:59:37
500,Saint-Philippe,RE,Southern,-21.36,55.77,82.4,61,68.32,0,26.4,2021-01-03 05:54:42
501,Bourail,NC,Southern,-21.57,165.48,81.28,78,87.48,94,6.13,2021-01-03 05:53:45
502,Sao Joao Da Barra,BR,Southern,-21.64,-41.05,71.94,88,73.65,100,8.95,2021-01-03 06:00:42
503,Henties Bay,NA,Southern,-22.12,14.28,64.99,94,63.93,72,9.95,2021-01-03 06:03:02
504,Noumea,NC,Southern,-22.28,166.46,86.0,88,93.13,73,5.82,2021-01-03 05:51:48
505,Moerai,PF,Southern,-22.43,-151.33,79.99,74,79.41,26,15.41,2021-01-03 06:02:06
506,Vao,NC,Southern,-22.67,167.48,80.22,73,86.07,54,3.85,2021-01-03 05:53:39
507,Arraial Do Cabo,BR,Southern,-22.97,-42.03,71.64,90,72.9,100,10.02,2021-01-03 05:47:39
508,Navirai,BR,Southern,-23.07,-54.19,71.1,75,74.01,0,2.55,2021-01-03 05:54:55
509,Rikitea,PF,Southern,-23.12,-134.97,79.05,72,80.91,42,9.57,2021-01-03 05:51:17
510,Antofagasta,CL,Southern,-23.65,-70.4,66.2,82,68.41,75,2.24,2021-01-03 06:02:02
511,Kang,BW,Southern,-23.68,22.79,69.08,66,61.48,98,17.54,2021-01-03 05:57:17
512,Castro,BR,Southern,-24.79,-50.01,61.29,95,59.22,75,9.4,2021-01-03 05:49:13
513,Carnarvon,AU,Southern,-24.87,113.63,86.0,66,86.94,0,14.99,2021-01-03 05:51:10
514,Yulara,AU,Southern,-25.24,130.99,96.8,18,89.51,7,11.41,2021-01-03 05:59:19
515,San Lorenzo,PY,Southern,-25.33,-57.53,75.2,64,76.03,0,5.82,2021-01-03 05:56:31
516,Luderitz,NA,Southern,-26.65,15.16,64.4,82,63.32,100,6.93,2021-01-03 05:58:56
517,Ayolas,PY,Southern,-27.4,-56.9,66.51,50,62.1,0,6.73,2021-01-03 05:54:33
518,Catamarca,AR,Southern,-28.47,-65.79,75.99,81,78.87,45,1.01,2021-01-03 06:00:00
519,Geraldton,AU,Southern,-28.77,114.6,100.4,21,88.45,0,23.04,2021-01-03 05:51:25
520,Richards Bay,ZA,Southern,-28.78,32.04,70.74,74,70.36,100,7.87,2021-01-03 06:00:47
521,Bloemfontein,ZA,Southern,-29.12,26.21,60.8,93,59.72,75,6.93,2021-01-03 06:00:27
522,Ballitoville,ZA,Southern,-29.54,31.21,69.8,73,66.94,0,11.41,2021-01-03 05:57:39
523,Coquimbo,CL,Southern,-29.95,-71.34,59.0,82,57.43,9,4.7,2021-01-03 05:57:48
524,Cidreira,BR,Southern,-30.18,-50.21,66.7,80,68.72,19,2.46,2021-01-03 05:53:55
525,Coffs Harbour,AU,Southern,-30.3,153.13,78.8,78,73.18,40,19.46,2021-01-03 05:59:23
526,Parana,AR,Southern,-31.73,-60.52,78.01,46,74.77,0,8.01,2021-01-03 06:03:08
527,Kwinana,AU,Southern,-32.25,115.77,86.0,25,71.1,100,23.04,2021-01-03 05:58:14
528,Graaff-Reinet,ZA,Southern,-32.25,24.53,75.99,59,78.37,0,1.99,2021-01-03 06:01:28
529,Saldanha,ZA,Southern,-33.01,17.94,64.4,63,60.37,0,8.05,2021-01-03 06:03:34
530,East London,ZA,Southern,-33.02,27.91,68.0,77,67.57,0,6.93,2021-01-03 05:50:56
531,Rio Cuarto,AR,Southern,-33.13,-64.35,74.39,32,67.06,93,10.0,2021-01-03 06:04:10
532,Santa Vitoria Do Palmar,BR,Southern,-33.52,-53.37,61.3,83,60.03,0,5.64,2021-01-03 05:58:01
533,Port Alfred,ZA,Southern,-33.59,26.89,72.0,80,76.37,5,1.99,2021-01-03 05:46:19
534,Busselton,AU,Southern,-33.65,115.33,82.0,35,77.0,83,8.99,2021-01-03 05:52:27
535,Chuy,UY,Southern,-33.7,-53.46,60.4,85,58.98,0,5.77,2021-01-03 05:44:18
536,Esperance,AU,Southern,-33.87,121.9,69.8,43,61.75,90,12.75,2021-01-03 05:55:49
537,Port Elizabeth,ZA,Southern,-33.92,25.57,68.0,88,71.1,0,3.36,2021-01-03 05:52:24
538,Cape Town,ZA,Southern,-33.93,18.42,73.0,60,67.5,0,9.17,2021-01-03 05:53:08
539,Carmelo,UY,Southern,-33.99,-58.29,80.6,60,75.38,0,8.05,2021-01-03 05:57:51
540,Kruisfontein,ZA,Southern,-34.0,24.73,70.0,77,73.09,0,1.99,2021-01-03 05:53:11
541,Hermanus,ZA,Southern,-34.42,19.23,72.0,73,73.56,42,5.01,2021-01-03 05:51:19
542,Rocha,UY,Southern,-34.48,-54.33,56.03,93,53.78,0,6.2,2021-01-03 05:57:10
543,Bredasdorp,ZA,Southern,-34.53,20.04,64.4,93,67.95,85,1.12,2021-01-03 05:47:43
544,Flinders,AU,Southern,-34.58,150.86,75.0,86,78.73,67,4.0,2021-01-03 05:57:44
545,Port Lincoln,AU,Southern,-34.73,135.87,68.86,68,60.84,98,18.7,2021-01-03 05:54:51
546,Delta Del Tigre,UY,Southern,-34.76,-56.39,66.2,63,59.79,0,10.29,2021-01-03 06:01:43
547,Ahipara,NZ,Southern,-35.17,173.17,69.66,71,72.16,58,1.25,2021-01-03 05:54:30
548,Constitucion,CL,Southern,-35.33,-72.42,56.82,75,55.11,69,2.71,2021-01-03 05:56:27
549,Ulladulla,AU,Southern,-35.35,150.47,70.0,100,68.18,90,13.87,2021-01-03 06:03:00
550,Victor Harbor,AU,Southern,-35.57,138.62,73.0,66,71.74,70,5.01,2021-01-03 05:55:35
551,Lebu,CL,Southern,-37.62,-73.65,57.65,96,51.39,7,14.76,2021-01-03 05:55:39
552,Mount Gambier,AU,Southern,-37.83,140.77,73.4,60,64.47,40,20.8,2021-01-03 05:52:34
553,Mar Del Plata,AR,Southern,-38.0,-57.56,69.01,77,68.16,0,5.82,2021-01-03 05:54:41
554,Mamaku,NZ,Southern,-38.1,176.08,64.0,88,66.29,100,1.99,2021-01-03 05:58:18
555,Codrington,AU,Southern,-38.27,141.97,62.83,80,53.15,62,20.85,2021-01-03 05:51:33
556,Necochea,AR,Southern,-38.55,-58.74,70.0,64,64.65,0,13.56,2021-01-03 05:42:50
557,Waitara,NZ,Southern,-38.92,174.25,66.0,92,64.45,23,5.99,2021-01-03 05:54:18
558,Viedma,AR,Southern,-40.81,-63.0,84.99,33,82.44,3,5.99,2021-01-03 05:54:02
559,San Carlos De Bariloche,AR,Southern,-41.15,-71.31,59.0,44,52.97,0,5.82,2021-01-03 05:55:42
560,Waipawa,NZ,Southern,-41.41,175.52,64.99,88,57.51,17,16.11,2021-01-03 06:03:01
561,Ancud,CL,Southern,-41.87,-73.82,55.0,87,43.81,0,10.29,2021-01-03 05:57:25
562,Puerto Madryn,AR,Southern,-42.77,-65.04,72.9,47,65.84,64,13.4,2021-01-03 05:55:19
563,New Norfolk,AU,Southern,-42.78,147.06,71.01,46,67.44,97,1.99,2021-01-03 05:52:50
564,Hobart,AU,Southern,-42.88,147.33,72.0,49,63.54,75,12.75,2021-01-03 05:46:53
565,Trelew,AR,Southern,-43.25,-65.31,78.94,28,71.78,53,9.89,2021-01-03 05:54:31
566,Rawson,AR,Southern,-43.3,-65.1,76.71,34,70.02,52,10.33,2021-01-03 05:46:50
567,Wanaka,NZ,Southern,-44.7,169.15,64.99,58,64.47,74,1.01,2021-01-03 05:59:33
568,Te Anau,NZ,Southern,-45.42,167.72,55.17,86,55.08,98,0.83,2021-01-03 05:51:40
569,Comodoro Rivadavia,AR,Southern,-45.87,-67.5,71.6,43,60.8,0,18.34,2021-01-03 05:53:30
570,Dunedin,NZ,Southern,-45.87,170.5,63.0,78,64.31,100,1.01,2021-01-03 05:59:02
571,Tuatapere,NZ,Southern,-46.13,167.68,53.01,97,50.32,100,5.99,2021-01-03 05:52:36
572,Mataura,NZ,Southern,-46.19,168.86,53.01,97,50.32,100,5.99,2021-01-03 05:51:03
573,Kaitangata,NZ,Southern,-46.28,169.85,61.0,71,59.25,99,4.0,2021-01-03 05:52:53
574,Bluff,NZ,Southern,-46.6,168.33,53.01,97,50.32,100,5.99,2021-01-03 05:51:26
575,Rio Gallegos,AR,Southern,-51.62,-69.22,50.0,66,37.9,40,17.22,2021-01-03 05:58:19
576,Punta Arenas,CL,Southern,-53.15,-70.92,46.4,81,36.28,71,13.87,2021-01-03 05:53:22
577,Ushuaia,AR,Southern,-54.8,-68.3,46.4,70,31.3,40,21.92,2021-01-03 05:50:57
